<?xml version="1.0" encoding="UTF-8"?>
<project-private xmlns="http://www.netbeans.org/ns/project-private/1">
    <editor-bookmarks xmlns="http://www.netbeans.org/ns/editor-bookmarks/2" lastBookmarkId="0"/>
    <open-files xmlns="http://www.netbeans.org/ns/projectui-open-files/2">
        <group>
            <file>file:/D:/Dropbox/Code/git/RightTimeReader/src/righttimereader/JArrowButton.java</file>
            <file>file:/D:/Dropbox/Code/git/RightTimeReader/src/righttimereader/ToolbarPanel.java</file>
            <file>file:/D:/Dropbox/Code/git/RightTimeReader/src/righttimereader/Book.java</file>
            <file>file:/D:/Dropbox/Code/git/RightTimeReader/src/righttimereader/RightTimeReader.java</file>
            <file>file:/D:/Dropbox/Code/git/RightTimeReader/src/righttimereader/BookPanel.java</file>
            <file>file:/D:/Dropbox/Code/git/RightTimeReader/src/righttimereader/Sentence.java</file>
            <file>file:/D:/Dropbox/Code/git/RightTimeReader/src/righttimereader/WordButton.java</file>
            <file>file:/D:/Dropbox/Code/git/RightTimeReader/src/righttimereader/StatusPanel.java</file>
        </group>
    </open-files>
</project-private>
